"","tracking_id","class_code","nearest_ref_id","gene_short_name","tss_id","locus","length","coverage","Dex_FPKM","Dex_conf_lo","Dex_conf_hi","Dex_status","Alb_FPKM","Alb_conf_lo","Alb_conf_hi","Alb_status","Untreated_FPKM","Untreated_conf_lo","Untreated_conf_hi","Untreated_status","Alb_Dex_FPKM","Alb_Dex_conf_lo","Alb_Dex_conf_hi","Alb_Dex_status","Dex_LL14","Dex_LL06","Dex_LL02","Dex_LL10","Alb_LL07","Alb_LL03","Alb_LL11","Alb_LL15","Untreated_LL09","Untreated_LL05","Untreated_LL13","Untreated_LL01","Alb_Dex_LL08","Alb_Dex_LL04","Alb_Dex_LL12","Alb_Dex_LL16"
"MIR4461",0,0,0,0,0,0,0,0,15.7874409332924,12.0989992594728,16.7303772591092,0,16.4993834506379,13.255056608832,17.4211772673443,0,16.2696417310431,14.4767715141568,17.0448209901018,0,15.8587046873775,12.3006385539937,16.7961283545648,0,0,6.95447551466621,0,0,18.8575770996098,0,0,10.0585600272442,0,7.50842072909709,0,0,7.21074925938844,0.763850053126464,0.574242015625442,0
"MIR3064",0,0,0,0,0,0,0,0,13.6848691321367,0,16.3476179085317,0,14.1127571384042,0,17.070613641346,0,13.9587430081309,0,16.209468596704,0,14.1553795751549,0,16.8219732354811,0,13.5205818515879,13.5458573912646,13.9340686121921,13.3679197699279,14.3791752707042,14.7471282596095,14.3252492304929,14.2825020666851,13.118759427021,13.6662572953815,13.5747590730079,13.8749045247862,14.6519934420667,14.4996964288887,14.0684424160258,14.301817678955
"SNORD29",0,0,0,0,0,0,0,0,13.2391241160369,0,16.7668782560632,0,11.6288920412003,0,15.901986405056,0,13.6656357072027,0,16.8955989484438,0,13.5895341158888,0,17.1502332010729,0,0,13.375419609612,0,14.6218801688138,0,0.788930384305747,0,0,0.653568196624558,1.17687165836138,0,0,15.1734194891841,0,0,14.0839280221364
"FTL",0,0,0,0,0,0,0,0,13.2780065339684,11.5927139710821,14.0342229385912,0,13.6261767299752,0,14.6790511858559,0,0,0,0,0,13.5960150005218,11.0278161708064,14.4689485364466,0,12.9769095412955,13.2164215184428,13.3597358359892,13.4396101524123,13.2841459609357,13.9685138046965,13.4906252813516,13.5537852654877,0,0,0,0,13.5708400066904,13.3947976053625,13.9631128269755,13.2258641536148
"SNORD80",0,0,0,0,0,0,0,0,13.239094273513,0,16.8823445265559,0,13.099060097541,0,17.289883804011,0,12.4510565290823,0,16.2344844054979,0,12.7186891238957,0,16.7036332590333,0,13.0859371273375,12.3755227835708,12.5292743676091,14.107306995984,13.3894296812463,12.2232294568421,12.9104478597972,14.1038614934985,12.6950607794821,12.2478474274089,10.9410476063406,10.4572474800495,13.7562331393175,11.3065117491906,12.7924080189302,13.1813200023504
"MIR5047",0,0,0,0,0,0,0,0,12.4956277145747,0,14.619795845516,0,12.903975964211,0,15.3123299296232,0,12.0733181690261,0,14.0636310167917,0,12.7318196442026,0,14.9246037652648,0,12.1804655396125,12.6166591092497,13.0317683914153,11.8829868710841,13.3312108756786,13.3188534584291,12.7543781275435,13.3876673355262,10.9147962042969,11.7058310682067,11.7710519727534,12.4955427755081,13.2958837027306,13.1808353510582,12.8526953044722,12.4455141141006
"MIR24-1",0,0,0,0,0,0,0,0,12.408512852689,0,15.6688905228576,0,11.2638970880042,0,15.1653152973475,0,11.6697088929315,0,14.9404237223352,0,11.8511595082343,0,15.2769858383766,0,11.3517177616223,12.319000287273,12.209770138882,13.1503835555911,0,0,1.42244831223346,0,1.0673220601232,0.680431485914696,0,0,0,0,14.0388075601108,12.1060819619304
"SNORD49A",0,0,0,0,0,0,0,0,11.3930257151966,0,16.4940461535169,0,8.87846173868273,0,15.7617615755098,0,10.888111551083,0,15.9656918590505,0,10.9479437063053,0,16.4620900333809,0,10.0871710903288,10.0613036807835,11.9473593294137,12.3014819051431,0,0.737186598118,0,0,11.1135403308742,0,9.95413522724729,11.4616533787564,0,12.3087542572014,11.7945011582992,10.8615677242104
"SNORD68",0,0,0,0,0,0,0,0,10.5992154950177,0,16.4389721132335,0,11.1663827975352,0,17.219064505299,0,10.1005572207829,0,15.9803806018494,0,10.1132993938569,0,16.3950520855472,0,11.3325233338333,9.71626559329238,10.6062201212817,9.96254034729338,0,11.9087115997601,0,12.6194932538759,0,1.43691870909549,0,0,10.6141945038558,10.9711627126664,0,10.5247277940451
"SNORD31",0,0,0,0,0,0,0,0,10.6261744479683,0,14.4854331168078,0,12.1887340968932,0,15.4420298625032,0,9.84051044170453,0,13.9705373400619,0,11.0391178261417,0,14.7657626357255,0,0,11.3192826084407,0,11.5657399608702,0,13.371572474933,13.0589387725692,12.0826946069746,0,0,0.572433753250883,0,0,12.5526979127067,0,12.1060819619304
"SNORD2",0,0,0,0,0,0,0,0,8.67640141333447,0,14.5142948918222,0,10.6317318317312,0,16.0998717114431,0,10.390695626501,0,15.1593944056271,0,11.7361608982381,0,16.4005275897412,0,0,0,0,10.6737507394381,0.519419116796679,1.23365495285832,0,0,0,0,10.3028673609729,11.818026880675,11.3196495433832,12.6764706150257,12.7476832030478,11.2301405551879
"SNORD47",0,0,0,0,0,0,0,0,11.5135302233492,0,15.1627846801896,0,11.0254510510913,0,15.352974474913,0,10.6068955901378,0,14.3737419978177,0,11.7378303883945,0,15.4088372221903,0,9.96153362005371,11.6650471716119,12.2337215245587,11.1748071170501,11.7796660121904,11.1984634587183,11.6226055396404,10.9095256146413,0,10.9061164421623,10.5990573827878,10.3781539396722,12.2461230165968,11.9252948055796,11.0899204887503,12.3264969012033
"SNORD38A",0,0,0,0,0,0,0,0,10.6483485932275,0,16.3516691126755,0,10.48073972103,0,16.9011379480495,0,8.46032073331014,0,14.9241629962284,0,9.46384516355491,0,16.0668081718716,0,0,0,12.5292743676091,10.301015978843,1.19018498998346,0.736638642424909,0,0,0,0,0,10.4572474800495,0,0,10.7930179846819,10.8600161220767
"SNORD36A",0,0,0,0,0,0,0,0,10.8933849650696,0,16.6534469037682,0,10.6937134498106,0,17.0287909995029,0,10.2975926699422,0,16.2285707059739,0,10.1458175406034,0,16.3502883168742,0,10.7478405205724,11.3000836745791,10.6062201212817,9.96254034729338,1.17888670276934,0,1.37130236069274,0,0.601544395639822,0,1.25091307876722,0,0,0.780230297110618,1.32620942563805,0
"SNORD55",0,0,0,0,0,0,0,0,9.33093703986095,0,15.251312271456,0,9.02460779932221,0,15.6299371333766,0,10.3733001966084,0,15.5811270091939,0,9.85441026264543,0,15.834875911686,0,0,0,11.0050981782397,9.36238659998919,0.495646048765415,0,1.02107457881633,0,9.19827804751077,0,10.6121405173047,11.1277686807832,0,11.3752132395564,9.86248548692958,9.92944779617
"FTH1",0,0,0,0,0,0,0,0,12.758633391578,11.0069992259015,13.5267437429997,0,12.5584111462937,7.96651698765205,13.5281854729347,0,12.6529502590155,11.5711837948239,13.264171336329,0,12.7357992730952,10.6778429436402,13.5512516403031,0,12.5976522131079,12.9674892636777,12.7546704136607,12.7710953156158,12.7726609771094,12.5403799311043,12.7104405487672,12.2811679204864,12.9578946529344,12.6254737011351,12.5054419027826,12.6444196324848,12.7200090635772,12.8187319511681,12.7547455633776,12.7184643785362
"QSOX1",0,0,0,0,0,0,0,0,0,0,0,0,11.6115366602959,0,12.8621820852281,0,11.6827312941398,10.0279889076955,12.4332594157393,0,11.5916579142651,3.68151673193886,12.588656083459,0,0,0,0,0,11.5133772410071,11.5718189945749,11.732192869796,11.4167500350344,11.5001696600647,11.6321409560401,11.5358294051149,11.8113626509301,11.6331632595089,11.5920271547573,11.6013111694843,11.3611432725272
"SNORD36B",0,0,0,0,0,0,0,0,10.0415222670562,0,16.2962906979757,0,10.0778838644383,0,16.978196523642,0,10.3218604669723,0,16.4222898411129,0,9.77681791911501,0,16.3696859444441,0,0.880205134598274,0,0.817209011554023,0,0,11.2235311534435,0,10.9345902149089,1.03509599789673,0,0.552328865681952,0,0,0.788693226805456,0.594120454665377,0
"SNORD5",0,0,0,0,0,0,0,0,11.8968999844199,0,13.0875407420273,0,11.4562825352729,0,12.8947647220741,0,11.2810838612844,0,12.6119722924686,0,11.1110704474656,0,12.5103166554018,0,11.7572024718261,11.7247611023586,11.8784992896974,11.9712381703409,10.9771081638663,10.6182937248458,10.3058565523271,12.9134541814274,11.0628219343781,10.6157767494205,9.30989693647398,11.823920485528,11.8900172190462,10.6627306743901,11.7334941627159,11.2157453235928
"SNORD27",0,0,0,0,0,0,0,0,11.0299704470272,0,13.8623080259917,0,8.96991025768207,0,12.9552757462511,0,9.37404180181962,0,12.9907226863377,0,11.2908367567956,0,14.1522848423066,0,0,10.7154043606369,10.6062201212817,12.2833112240871,0.507251704222356,0,0.612600672856861,0,0,0.649974076522176,0.545941688881807,0,10.6141945038558,12.5556484212785,12.0420149907771,10.5247277940451
"SNORD102",0,0,0,0,0,0,0,0,7.96687455004459,0,14.5416955967317,0,10.5752934193974,0,16.3746761317264,0,9.98974927546213,0,15.4850462530786,0,8.78735410047664,0,15.0229052555336,0,0,0,0,9.96254034729338,10.2685186082168,10.9090905301839,11.5986992410182,10.6249964506671,0.608338989364299,0.649974076522176,0.548037053818505,0,0,0,1.0051053100949,0
"FBLN1",0,0,0,0,0,0,0,0,11.706409678252,7.8104238232231,12.6571241416538,0,11.786980180095,0,13.0730386108648,0,11.7312129466071,10.1935500006843,12.458532215546,0,11.8113506082498,0,12.8270131572745,0,11.6024390637416,11.8318693261032,11.6211544330954,11.595961404556,11.8537033184172,11.6903123259188,11.6068955901378,11.7301389331506,11.6527239966066,11.774634712184,11.568174649015,11.6641583610483,11.9051274770937,11.6451765530349,11.7681305536042,11.6866362111735
"TPT1",0,0,0,0,0,0,0,0,12.1595465677324,11.0267585702011,12.7861858900872,0,12.1341407050765,10.0484732507454,12.9533289056096,0,12.076645268832,11.2860147717922,12.5844740056449,0,12.0955091108317,10.7349974531976,12.7830678037676,0,12.134528999488,12.3416327888722,12.3511904713921,12.06592432083,12.1583351335074,12.3792646366282,12.1276236077355,12.1737864272425,11.9844754249041,12.2757113165111,12.1462218017557,12.2348234173914,12.2089872169728,12.2683723991025,12.0068484962287,12.1599060165308
"SNORD73A",0,0,0,0,0,0,0,0,0,0,0,0,11.7410919380687,0,19.1703456478948,0,0,0,0,0,12.7647783100239,0,19.4395711962765,0,0,0,0,0,0,0,0.665378216667938,0,0,0,0,0,0,0,14.0169040232012,14.0839280221364
"SNORD87",0,0,0,0,0,0,0,0,10.4879304505953,0,13.5639827223341,0,10.5587459526753,0,13.9267963289536,0,9.48256395831679,0,12.7810686860254,0,10.6576310740748,0,13.7616862710231,0,9.62081181394283,10.5874681333435,9.4792992855146,11.1556341398909,11.2061047206285,9.84805795681116,9.53576137798666,11.5578896501873,0,9.82234935110044,9.51547119636283,9.03215871294894,12.0766987073008,10.8493503635122,9.33707103072198,9.40400047439415
